TaskID	SourceCode	SourceRef
TSK-085	DOC_D001	aw_L17-18
TSK-086	DOC_D001	aw_L19
TSK-084	DOC_D001	aw_L20
TSK-090	DOC_D001	aw_L21
TSK-083	DOC_D001	aw_L22
TSK-077	DOC_D001	aw_L23-24
TSK-082	DOC_D001	aw_L25
TSK-091	DOC_D001	aw_L26-27
TSK-080	DOC_D001	aw_L28
TSK-081	DOC_D001	aw_L29
TSK-079	DOC_D001	aw_L30
TSK-078	DOC_D001	aw_L31
TSK-087	DOC_D001	aw_L32
TSK-089	DOC_D001	aw_L33-34
TSK-088	DOC_D001	aw_L35-36
TSK-076	DOC_D001	aw_L37
TSK-086	DOC_D001	aw_L41-42
TSK-092	DOC_D001	aw_L43
TSK-059	DOC_D001	aw_L47-48
TSK-062	DOC_D001	aw_L49-50
TSK-061	DOC_D001	aw_L51-53
TSK-060	DOC_D001	aw_L54-55
TSK-058	DOC_D001	aw_L56-57
TSK-063	DOC_D001	aw_L58-61
TSK-049	DOC_D001	aw_L65-66
TSK-123	DOC_D001	aw_L69
TSK-122	DOC_D001	aw_L70
TSK-120	DOC_D001	aw_L71
TSK-121	DOC_D001	aw_L72
TSK-125	DOC_D001	aw_L73
TSK-124	DOC_D001	aw_L74
TSK-126	DOC_D001	aw_L75
TSK-127	DOC_D001	aw_L76
TSK-119	DOC_D001	aw_L77-78
TSK-129	DOC_D001	aw_L82-84
TSK-128	DOC_D001	aw_L85
TSK-152	DOC_D001	aw_L89
TSK-149	DOC_D001	aw_L90
TSK-150	DOC_D001	aw_L91
TSK-151	DOC_D001	aw_L92-93
TSK-052	DOC_D001	aw_L97
TSK-054	DOC_D001	aw_L98
TSK-053	DOC_D001	aw_L99
TSK-055	DOC_D001	aw_L100
TSK-056	DOC_D001	aw_L101
TSK-057	DOC_D001	aw_L102
TSK-114	DOC_D001	aw_L106-107
TSK-113	DOC_D001	aw_L108
TSK-115	DOC_D001	aw_L109
TSK-116	DOC_D001	aw_L110
TSK-007	DOC_D001	aw_L113-114
TSK-008	DOC_D001	aw_L115-116
TSK-034	DOC_D001	aw_L122
TSK-035	DOC_D001	aw_L123
TSK-037	DOC_D001	aw_L124
TSK-038	DOC_D001	aw_L125
TSK-036	DOC_D001	aw_L126
TSK-040	DOC_D001	aw_L127
TSK-039	DOC_D001	aw_L128
TSK-042	DOC_D001	aw_L129
TSK-041	DOC_D001	aw_L130
TSK-051	DOC_D001	aw_L135-136
TSK-050	DOC_D001	aw_L137
TSK-144	DOC_D001	aw_L142
TSK-148	DOC_D001	aw_L143-144
TSK-143	DOC_D001	aw_L145
TSK-142	DOC_D001	aw_L146
TSK-141	DOC_D001	aw_L147
TSK-147	DOC_D001	aw_L148-149
TSK-146	DOC_D001	aw_L150-151
TSK-145	DOC_D001	aw_L152
TSK-095	DOC_D001	aw_L156-157
TSK-100	DOC_D001	aw_L158-159
TSK-101	DOC_D001	aw_L160
TSK-098	DOC_D001	aw_L161
TSK-099	DOC_D001	aw_L162
TSK-096	DOC_D001	aw_L163-164
TSK-093	DOC_D001	aw_L165-167
TSK-094	DOC_D001	aw_L168-169
TSK-097	DOC_D001	aw_L170-172
TSK-046	DOC_D001	aw_L179-180
TSK-045	DOC_D001	aw_L181-182
TSK-044	DOC_D001	aw_L183-184
TSK-043	DOC_D001	aw_L185-186
TSK-112	DOC_D001	aw_L190
TSK-154	DOC_D001	aw_L195-196
TSK-153	DOC_D001	aw_L197-198
TSK-064	DOC_D001	aw_L201
TSK-155	DOC_D001	aw_L204
TSK-136	DOC_D001	aw_L209-210
TSK-068	DOC_D001	aw_L213-214
TSK-067	DOC_D001	aw_L215-216
TSK-069	DOC_D001	aw_L217-218
TSK-065	DOC_D001	aw_L219
TSK-066	DOC_D001	aw_L220-221
TSK-162	DOC_D001	aw_L231
TSK-160	DOC_D001	aw_L232-233
TSK-163	DOC_D001	aw_L234
TSK-161	DOC_D001	aw_L235
TSK-156	DOC_D001	aw_L236
TSK-157	DOC_D001	aw_L237-238
TSK-158	DOC_D001	aw_L239-240
TSK-159	DOC_D001	aw_L241-242
TSK-018	DOC_D001	aw_L246-247
TSK-017	DOC_D001	aw_L248-249
TSK-016	DOC_D001	aw_L250-251
TSK-023	DOC_D001	aw_L255-256
TSK-022	DOC_D001	aw_L257-258
TSK-021	DOC_D001	aw_L259-260
TSK-019	DOC_D001	aw_L264
TSK-020	DOC_D001	aw_L265-268
TSK-029	DOC_D001	aw_L272-273
TSK-030	DOC_D001	aw_L274-275
TSK-024	DOC_D001	aw_L279-280
TSK-025	DOC_D001	aw_L281-282
TSK-027	DOC_D001	aw_L291
TSK-031	DOC_D001	aw_L292-293
TSK-028	DOC_D001	aw_L294
TSK-026	DOC_D001	aw_L298
TSK-014	DOC_D001	aw_L299
TSK-015	DOC_D001	aw_L300
TSK-032	DOC_D001	aw_L303-305
TSK-033	DOC_D001	aw_L306-308
TSK-072	DOC_D001	aw_L312
TSK-071	DOC_D001	aw_L313
TSK-074	DOC_D001	aw_L314
TSK-070	DOC_D001	aw_L315
TSK-073	DOC_D001	aw_L316-317
TSK-005	DOC_D001	aw_L321-322
TSK-006	DOC_D001	aw_L323-325
TSK-133	DOC_D001	aw_L329-330
TSK-135	DOC_D001	aw_L331
TSK-134	DOC_D001	aw_L332-333
TSK-132	DOC_D001	aw_L334-336
TSK-047	DOC_D001	aw_L345-346
TSK-048	DOC_D001	aw_L347-349
TSK-130	DOC_D001	aw_L352
TSK-131	DOC_D001	aw_L353-358
TSK-117	DOC_D001	aw_L362-363
TSK-118	DOC_D001	aw_L364-365
TSK-009	DOC_D001	aw_L369-372
TSK-104	DOC_D001	aw_L376-377
TSK-105	DOC_D001	aw_L378-379
TSK-106	DOC_D001	aw_L380-381
TSK-107	DOC_D001	aw_L382-383
TSK-102	DOC_D001	aw_L387
TSK-103	DOC_D001	aw_L388
TSK-108	DOC_D001	aw_L399-400
TSK-109	DOC_D001	aw_L401-402
TSK-110	DOC_D001	aw_L403-404
TSK-111	DOC_D001	aw_L405-406
TSK-004	DOC_D001	aw_L410
TSK-003	DOC_D001	aw_L411-412
TSK-001	DOC_D001	aw_L413
TSK-002	DOC_D001	aw_L414
TSK-075	DOC_D001	aw_L417-421
TSK-010	DOC_D001	aw_L426
TSK-011	DOC_D001	aw_L427
TSK-012	DOC_D001	aw_L428-429
TSK-013	DOC_D001	aw_L430
TSK-137	DOC_D001	aw_L434
TSK-139	DOC_D001	aw_L435
TSK-138	DOC_D001	aw_L436
TSK-140	DOC_D001	aw_L437
TSK-164	DOC_D002	
TSK-165	DOC_D002	
TSK-166	DOC_D002	
TSK-167	DOC_D002	
TSK-168	DOC_D002	
TSK-169	DOC_D002	
TSK-170	DOC_D002	
TSK-171	DOC_D002	
TSK-172	DOC_D002	
TSK-173	DOC_D002	
TSK-174	DOC_D002	
TSK-175	DOC_D002	
TSK-176	DOC_D002	
TSK-177	DOC_D002	
TSK-178	DOC_D002	
TSK-179	DOC_D002	
TSK-180	DOC_D002	
TSK-181	DOC_D002	
TSK-182	DOC_D002	
TSK-183	DOC_D002	
TSK-184	DOC_D002	
TSK-185	DOC_D002	
TSK-186	DOC_D002	
TSK-187	DOC_D002	
TSK-188	DOC_D002	
TSK-189	DOC_D002	
TSK-190	DOC_D002	
TSK-191	DOC_D002	
TSK-192	DOC_D002	
TSK-193	DOC_D002	
TSK-194	DOC_D002	
TSK-195	DOC_D002	
TSK-196	DOC_D002	
TSK-197	DOC_D002	
TSK-198	DOC_D002	
TSK-199	DOC_D002	
TSK-200	DOC_D002	
TSK-201	DOC_D002	
TSK-202	DOC_D002	
TSK-203	DOC_D002	
TSK-204	DOC_D002	
TSK-205	DOC_D002	
TSK-206	DOC_D002	
TSK-207	DOC_D002	
TSK-208	DOC_D002	
TSK-209	DOC_D002	
TSK-210	DOC_D002	
TSK-211	DOC_D002	
TSK-212	DOC_D002	
TSK-213	DOC_D002	
TSK-214	DOC_D002	
TSK-215	DOC_D002	
TSK-216	DOC_D002	
TSK-217	DOC_D002	
TSK-218	DOC_D002	
TSK-219	DOC_D002	
TSK-220	DOC_D002	
TSK-221	DOC_D002	
TSK-222	DOC_D002	
TSK-223	DOC_D002	
TSK-224	DOC_D002	
TSK-225	DOC_D002	
TSK-226	DOC_D002	
TSK-227	DOC_D002	
